JobcodeLevel_0,JobcodeLevel_0_Alias,JobcodeLevel_1,JobcodeLevel_1_Alias,addr1,addr2,city,state,zip,country
"BSS","",,,,,,,,
"Dog Sitting","Dog",,,,,,,,
"Events","",,,,,,,,
"Kitchen","",,,,,,,,
"LTM","",,,,,,,,
"LuxVan","",,,,,,,,
"Owners","",,,,,,,,
"WRP","3",,,,,,,,
"WRP","3","2417 8th","",,,,,,
"WRP","3","Admin","40",,,,,,
"WRP","3","HA32 - 32 Harbour","41",,,,,,
"WRP","3","HEN - Hensley","31",,,,,,
"WRP","3","MA106 - 106 Maine","33",,,,,,
"WRP","3","MA31 - 31 Maine","32",,,,,,
"WRP","3","OH201 - 201 Ohio","",,,,,,
"WRP","3","OH523 - 523 Ohio","34",,,,,,
"WRP","3","OH531 - 531 Ohio","35",,,,,,
"WRP","3","SF241 - 241South 1st","36",,,,,,
"WRP","3","SF245 - 245 South 1st","38",,,,,,
"WRP","3","SF257 - 257 South 1st","39",,,,,,
"WRP","3","SF322 - 322 South 1st","37",,,,,,
"WRP","3","SS2 - 2 So. 2nd.","",,,,,,
